{
  "timestamp": "2025-03-27T01:50:43.926287",
  "cost_parameters": {
    "fuel_cost_per_km": 0.5,
    "driver_cost_per_hour": 45.0,
    "maintenance_cost_per_km": 0.15
  },
  "distance_matrix": {
    "Cluster_0": {
      "Cluster_0": 0,
      "Cluster_1": 5.996,
      "Cluster_2": 10.747,
      "Cluster_3": 3.717,
      "Cluster_4": 11.652,
      "Cluster_5": 8.65
    },
    "Cluster_1": {
      "Cluster_0": 4.032,
      "Cluster_1": 0,
      "Cluster_2": 10.189,
      "Cluster_3": 2.161,
      "Cluster_4": 11.094,
      "Cluster_5": 7.883
    },
    "Cluster_2": {
      "Cluster_0": 8.113,
      "Cluster_1": 9.451,
      "Cluster_2": 0,
      "Cluster_3": 8.861,
      "Cluster_4": 0.92,
      "Cluster_5": 2.368
    },
    "Cluster_3": {
      "Cluster_0": 3.843,
      "Cluster_1": 2.558,
      "Cluster_2": 9.755,
      "Cluster_3": 0,
      "Cluster_4": 10.66,
      "Cluster_5": 7.865
    },
    "Cluster_4": {
      "Cluster_0": 8.434,
      "Cluster_1": 9.773,
      "Cluster_2": 1.482,
      "Cluster_3": 9.183,
      "Cluster_4": 0,
      "Cluster_5": 1.574
    },
    "Cluster_5": {
      "Cluster_0": 6.285,
      "Cluster_1": 7.6,
      "Cluster_2": 2.198,
      "Cluster_3": 7.01,
      "Cluster_4": 1.689,
      "Cluster_5": 0
    }
  },
  "duration_matrix": {
    "Cluster_0": {
      "Cluster_0": 0,
      "Cluster_1": 0.16027777777777777,
      "Cluster_2": 0.2786111111111111,
      "Cluster_3": 0.1338888888888889,
      "Cluster_4": 0.31583333333333335,
      "Cluster_5": 0.25277777777777777
    },
    "Cluster_1": {
      "Cluster_0": 0.1175,
      "Cluster_1": 0,
      "Cluster_2": 0.18166666666666667,
      "Cluster_3": 0.08388888888888889,
      "Cluster_4": 0.22333333333333333,
      "Cluster_5": 0.19722222222222222
    },
    "Cluster_2": {
      "Cluster_0": 0.21222222222222223,
      "Cluster_1": 0.18555555555555556,
      "Cluster_2": 0,
      "Cluster_3": 0.17527777777777778,
      "Cluster_4": 0.0675,
      "Cluster_5": 0.1388888888888889
    },
    "Cluster_3": {
      "Cluster_0": 0.13583333333333333,
      "Cluster_1": 0.07972222222222222,
      "Cluster_2": 0.1836111111111111,
      "Cluster_3": 0,
      "Cluster_4": 0.2263888888888889,
      "Cluster_5": 0.1713888888888889
    },
    "Cluster_4": {
      "Cluster_0": 0.22777777777777777,
      "Cluster_1": 0.20194444444444445,
      "Cluster_2": 0.08194444444444444,
      "Cluster_3": 0.19277777777777777,
      "Cluster_4": 0,
      "Cluster_5": 0.09361111111111112
    },
    "Cluster_5": {
      "Cluster_0": 0.1938888888888889,
      "Cluster_1": 0.17916666666666667,
      "Cluster_2": 0.10722222222222222,
      "Cluster_3": 0.16777777777777778,
      "Cluster_4": 0.09972222222222223,
      "Cluster_5": 0
    }
  },
  "cost_matrix": {
    "Cluster_0": {
      "Cluster_0": 0,
      "Cluster_1": 11.1099,
      "Cluster_2": 19.52305,
      "Cluster_3": 8.44105,
      "Cluster_4": 21.786299999999997,
      "Cluster_5": 16.9975
    },
    "Cluster_1": {
      "Cluster_0": 7.9083,
      "Cluster_1": 0,
      "Cluster_2": 14.79785,
      "Cluster_3": 5.1796500000000005,
      "Cluster_4": 17.2611,
      "Cluster_5": 13.998949999999999
    },
    "Cluster_2": {
      "Cluster_0": 14.823450000000001,
      "Cluster_1": 14.49315,
      "Cluster_2": 0,
      "Cluster_3": 13.647150000000002,
      "Cluster_4": 3.6355,
      "Cluster_5": 7.7892
    },
    "Cluster_3": {
      "Cluster_0": 8.610449999999998,
      "Cluster_1": 5.2502,
      "Cluster_2": 14.603250000000001,
      "Cluster_3": 0,
      "Cluster_4": 17.1165,
      "Cluster_5": 12.82475
    },
    "Cluster_4": {
      "Cluster_0": 15.732099999999999,
      "Cluster_1": 15.43995,
      "Cluster_2": 4.650799999999999,
      "Cluster_3": 14.643949999999998,
      "Cluster_4": 0,
      "Cluster_5": 5.235600000000001
    },
    "Cluster_5": {
      "Cluster_0": 12.81025,
      "Cluster_1": 13.002500000000001,
      "Cluster_2": 6.2537,
      "Cluster_3": 12.1065,
      "Cluster_4": 5.58535,
      "Cluster_5": 0
    }
  },
  "polyline_matrix": {
    "Cluster_0": {
      "Cluster_0": "",
      "Cluster_1": "mskiGtl_dNqC`Aw@Jy@GcAOaBPqAPs@IiC[aEI{HG_ALwC`Aw@PeAwH_CmQ_@uCbXmIpIsAzA_@ft@_UlCeAlA]v@DRJLRNdAFRC~HFlDZdF`AlIR~AD|A?dDJlBXnBVdAPh@l@rAn@nAf@vApAlGxBnHtA|DlE|JXjANbBBlCIT?fAHdAP|@\\fAjDxHd@z@BNdBjCnKfOjF~Hx@z@p@Zp@Dn@O^Ub@i@Xs@h@wCkBm@cB]",
      "Cluster_2": "mskiGtl_dNqC`Aw@Jy@GcAOaBPqAPs@IiC[aEI{HG_ALwC`Aw@PeAwH_CmQ_@uCbXmIpIsAzA_@ft@_UlCeAzDeAHADQVg@Ru@t@mHRi@zBqTHaBAeBKsCDqAPaA|CqJh@mBjAiFhA{DdGoQdAuBjCiD`@}@h@_B`@}Ad@eCZwCR{Bf@sIVoCV}B@sBCq@KTs@`@i@Lk@Ac@S[]Ug@Uw@OIsYa_Be@{DUoDIsDCiMKaFk@{Me@kLEsC@{DVcN?yCMoEiH_w@]eCFc@oA_Oc@aC_AoDs@yCGQMEo@gG_HnBiOzEk@`@Yl@YrBWj@[`@WRcBp@uJtEj@|DRzAH|@h@dDf@dE",
      "Cluster_3": "mskiGtl_dNqC`Aw@Jy@GcAOaBPqAPs@IiC[aEI{HG_ALwC`Aw@PvBvOZpCjBlNZMTSPOV@VJl@BZAhASd@OjAIbAFzDl@bCn@fADvBKhEEh@JPTFd@KhAI~@@n@dC`RbCdQtA|IlAxIzAg@~@m@x@w@xRyVhAaAlAm@p@UQo@_AkB",
      "Cluster_4": "mskiGtl_dNqC`Aw@Jy@GcAOaBPqAPs@IiC[aEI{HG_ALwC`Aw@PeAwH_CmQ_@uCbXmIpIsAzA_@ft@_UlCeAzDeAHADQVg@Ru@t@mHRi@zBqTHaBAeBKsCDqAPaA|CqJh@mBjAiFhA{DdGoQdAuBjCiD`@}@h@_B`@}Ad@eCZwCR{Bf@sIVoCV}B@sBCq@KTs@`@i@Lk@Ac@S[]Ug@Uw@OIsYa_Be@{DUoDIsDCiMKaFk@{Me@kLEsC@{DVcN?yCMoEiH_w@]eCFc@oA_Oc@aC_AoDs@yCGQMEo@gG_HnBiOzEk@`@Yl@YrBWj@[`@WRcBp@wMpGW?uF`C|G~g@~@jCdBtM@nA`Bi@f@zD",
      "Cluster_5": "mskiGtl_dNqC`Aw@Jy@GcAOaBPqAPs@IiC[aEI{HG_ALwC`Aw@PeAwH_CmQ_@uCbXmIpIsAzA_@ft@_UlCeAzDeAHADQVg@Ru@t@mHRi@zBqTHaBAeBKsCDqAPaA|CqJh@mBjAiFhA{DdGoQdAuBjCiD`@}@h@_B`@}Ad@eCZwCR{Bf@sIVoCh@iE^oB~@eExC{LPsADwAo@uSa@wJkB}Si@sG[wB}CqNcAeFWNMV_Bz@wCnAc@Gg@e@aB_JsDxA_@F]E]UKQAWG}@mQfFoGtBu@TiAkJyAcMSJkEvFDXaFpD"
    },
    "Cluster_1": {
      "Cluster_0": "uchiGxdbdNkAY_@S}C}C_CeCgCqEcAmA{BsBw@kAkAcCSSuC}Hc@gBYcBi@gEa@qBK[yCwGuBaGeAoD{BqJa@kAoAgC[y@YoAWmBIsB@uBCiA_@uDaAaJQcDGwCByFBeAIE?{AIg@[g@_AR_D~@yB|@g]lKr@nFLPZHPTX|B}@b@o@n@g@|@Sv@Kz@UpHM`BApAJfC?p@E`AHvACVq@|A]nAs@Yk@GGB",
      "Cluster_1": "",
      "Cluster_2": "uchiGxdbdNbCh@z@Zg@bCYl@]X[FUC_@UgFsGuBmCM@cFeHmAcB_CgEqBkE_DmHyDsHyBcEcB_EqFmPoBgH{A}GaAaGs@wFk@}F_@aGQ_GC_GHeIZ}Ib@mHj@gGx@cH`AgGbAeFnAiFhAwD`Uqr@b@cBl@cDZwCNeD@{CGoCI_B]cDgKek@kNuv@e@{DUoDIsDCiMKaFk@{Me@kLEsC@{DVcN?yCMoEiH_w@]eCFc@oA_Oc@aC_AoDs@yCGQMEo@gG_HnBiOzEk@`@Yl@YrBWj@[`@WRcBp@uJtEj@|DRzAH|@h@dDf@dE",
      "Cluster_3": "uchiGxdbdNkAY_@S}C}C_CeCgCqEcAmA{BsBw@kAkAcCSSuC}Hc@gBYcBi@gEa@qBK[yCwGMYiG~EyAhAeB`By@z@e@l@cBfBpA~CaEnEmEdGQf@Ef@Fr@b@~@bB|C",
      "Cluster_4": "uchiGxdbdNbCh@z@Zg@bCYl@]X[FUC_@UgFsGuBmCM@cFeHmAcB_CgEqBkE_DmHyDsHyBcEcB_EqFmPoBgH{A}GaAaGs@wFk@}F_@aGQ_GC_GHeIZ}Ib@mHj@gGx@cH`AgGbAeFnAiFhAwD`Uqr@b@cBl@cDZwCNeD@{CGoCI_B]cDgKek@kNuv@e@{DUoDIsDCiMKaFk@{Me@kLEsC@{DVcN?yCMoEiH_w@]eCFc@oA_Oc@aC_AoDs@yCGQMEo@gG_HnBiOzEk@`@Yl@YrBWj@[`@WRcBp@wMpGW?uF`C|G~g@~@jCdBtM@nA`Bi@f@zD",
      "Cluster_5": "uchiGxdbdNkAY_@S}C}C_CeCgCqEcAmA{BsBw@kAkAcCSSuC}Hc@gBYcBi@gEa@qBK[yCwGuBaGeAoD{BqJa@kAoAgC[y@YoAWmBIsB@uBCiA_@uDaAaJQcDGwCByFRyFd@qHTsCzBqTHaBAeBKsCDqAPaA|CqJh@mBjAiFhA{DdGoQdAuBjCiD`@}@h@_B`@}Ad@eCZwCR{Bf@sIVoCh@iE^oB~@eExC{LPsADwAo@uSa@wJkB}Si@sG[wB}CqNcAeFWNMV_Bz@wCnAc@Gg@e@aB_JsDxA_@F]E]UKQAWG}@mQfFoGtBu@TiAkJyAcMSJkEvFDXaFpD"
    },
    "Cluster_2": {
      "Cluster_0": "{{kiGjrpcNv@`GzBm@jAc@xDkAdGkBlB`OlCpPxFaBtNmEXRNfBHRXrCbB|QJdCNXAzDYlP@tDLhEbAdUNnGBbJBnELhD\\lDl@xDxW`yAAp@RbC\\tG?jAKtBOpB@^_AtJOzA?d@U|JKl@Yx@sAjDiHfTu@lCq@|CkDbLo@rCaCzOc@`E}@nLIdBKJEt@@lB@t@IZQb@_D~@yB|@g]lKr@nFLPZHPTX|B}@b@o@n@g@|@Sv@Kz@UpHM`BApAJfC?p@E`AHvACVq@|A]nAs@Yk@GGB",
      "Cluster_1": "{{kiGjrpcNv@`GzBm@jAc@xDkAdGkBlB`OlCpPxFaBtNmEXRNfBHRXrCbB|QJdCNXAzDYlP@tDLhEbAdUNnGBbJBnELhD\\lDl@xDpYh_BZ`CT`DFpCCbCMzCWhCe@tCu@xCcV~t@sAbFgAhFcA~Fw@zFu@dHk@lIWtFSvJCvFJzGP|DZzEp@|Gv@`G`AnFpA|FfBtGhG~QvBxEf@`ANb@@X|@fC|@dDVbA~@tCt@~A`ChENTHDdBjCnKfOjF~Hx@z@p@Zp@Dn@O^Ub@i@Xs@h@wCkBm@cB]",
      "Cluster_2": "",